train_loss,val_loss
0.2689546612673439,0.01755204540453493
0.16519202094507188,0.013277095937575303
0.1450222347227212,0.012620770791517525
0.1256733160721174,0.0076912168476785435
0.10016318884355804,0.005243951773501556
0.07517073769793989,0.007019467478060575
0.06029264067295186,0.008366387709429546
0.05250841994263912,0.012819081348705087
0.04516462333469043,0.006431457753233889
0.04052321891448138,0.028120547001260723
