train_loss,val_loss
0.4055113333346263,0.30893913886114344
0.4591006650487049,0.30274229819916154
0.4366529471629897,0.302144104249129
0.3806065580452166,0.19902556992590972
0.3022419346968106,0.10509279600799629
0.2002311716828726,0.10086299063952546
0.14073047565964675,0.020315346995912933
0.08648489340671872,0.007222858945319225
0.0592552595374382,0.005958530897617215
0.04446324947482343,0.005687614367888351
