train_loss,val_loss
0.3199061739070168,0.08548800196966838
0.2318453053714799,0.0843755556423156
0.21081547128046796,0.08989523795377362
0.1923787357580792,0.08118666196496435
0.1258112818898399,0.03118301031047407
0.14412647778463494,0.032360010492600136
0.0930393476975583,0.010788325175370695
0.06005557569181496,0.007684637255498458
0.04660510114429753,0.015063086792679066
0.04632644795003484,0.011825974517160914
