train_loss,val_loss
0.33040522847238796,0.015163148829242518
0.21090963941317847,0.008787501371525225
0.17860729295999028,0.0060829727142015155
0.150355330962569,0.0064473702570414385
0.1302390735174399,0.007383921194472497
0.11214005941940655,0.0056051975845748
0.09489502431692555,0.004929723995812601
0.08079543366261784,0.004670224829857598
0.06947703059773296,0.0059344111167365385
0.06061952690684709,0.006103122618948116
