train_loss,val_loss
0.2663417788702253,0.021594337628537002
0.1796436318534582,0.07201949821533037
0.17769610107252806,0.03721254790327811
0.14487852509028257,0.02946875206650867
0.12942907339837179,0.03371489239875825
0.10824739485466131,0.026071704385018216
0.08913529049166988,0.019852990231828106
0.06442860725837504,0.011858418546488867
0.049612586419095404,0.01033389771121144
0.043042186347364834,0.005878779481388329
