train_loss,val_loss
0.05651382182796659,0.005294974954640416
0.006031296272214872,0.006177746692137689
0.007010940523739253,0.006337930813789256
0.003035443306916783,0.0038364216472503163
0.0026590129548936313,0.0035579923614067577
0.0025137728361311574,0.0034326952421061866
0.002339302134186866,0.0035679552156092976
0.002676600571955577,0.002855172393452459
0.002714829957536902,0.002707805352186424
0.002150843225855999,0.0040297622501543505
