train_loss,val_loss
0.22410065382484945,0.20456329380166313
0.1987225432454331,0.19835862075935487
0.20170513109772997,0.20218844722837345
0.11909626493410289,0.02523282996206608
0.038765164442060865,0.033875083844772794
0.12120196661427489,0.10044860130295022
0.043135855138860216,0.02515693579122135
0.07901084709232069,0.07717162586501948
0.06592660852019207,0.03169571832072236
0.030410720006321626,0.064846985676665
