train_loss,val_loss
0.056016020778564816,0.0071520672296663595
0.006757285940614985,0.00536103956072181
0.004184166999146135,0.004058155544629909
0.0034777495116643945,0.004252541011562873
0.003251826031450159,0.004287954517149746
0.0030806620192206625,0.003240662075313594
0.0029705650132985264,0.003964965452304079
0.0029261753717679975,0.0038098374614999276
0.002719402375897919,0.0030021634296242784
0.002642029664823571,0.0033364729249744695
