train_loss,val_loss
0.1769608660182196,0.006750222385036792
0.10850052973316632,0.004847530103427209
0.08730021350420467,0.005608272251684085
0.06944851679393645,0.0043403502190652405
0.05663887896715602,0.005601714793136898
0.04776128532401634,0.003973013570043047
0.0416270393496478,0.004184979024377495
0.03859099316806098,0.004106969168028154
0.037541369806480554,0.004137289938768306
0.03670583061210093,0.004976520358218777
