train_loss,val_loss
0.07265624573311798,0.013782174808962202
0.014034492539683259,0.012614854838346118
0.011929912206612174,0.010729574677606494
0.010846707807044387,0.00872269423283079
0.009706789801509439,0.009077674565143102
0.009310805563450531,0.007988280142695373
0.009109040300566825,0.007463866712571145
0.00871969742015741,0.008603969717740323
0.008432126251614618,0.007324570038640517
0.008282385829764864,0.007221977836081284
