train_loss,val_loss
0.0013648006139180182,0.000192975922216551
0.00014146455296153556,0.00011434590183183134
9.907980206782285e-05,9.115721829737977e-05
8.407303370565961e-05,8.137969708083179e-05
7.736011076172202e-05,7.678670774207842e-05
7.419148075888715e-05,7.465540104596202e-05
7.280394116324523e-05,7.38259489480697e-05
7.238796030091371e-05,7.37367044645285e-05
7.252412666742346e-05,7.406744628640713e-05
7.29753049076982e-05,7.46291498169165e-05
