train_loss,val_loss
0.20046335669625748,0.4972650114804098
0.30619454168180993,0.2990890016872861
0.298945064484954,0.3000771772099412
0.29815052646655477,0.29830138674473655
0.29757429779324573,0.29781403520131766
0.2974559044007604,0.29878218674428386
0.29712408818485325,0.2968224645103222
0.2969330193407359,0.2966318004275566
0.29666754579564486,0.29650452923556986
0.2789430537569737,0.21162310568403164
