train_loss,val_loss
0.10549007916035477,0.11881817058543039
0.1277323831498745,0.22210191978457194
0.20642355330125556,0.2063514978670683
0.2418197828299198,0.22218091670281248
0.213275947700677,0.21289767328995823
0.22556804027917282,0.23402470822542742
0.22776162916071754,0.20657069119599347
0.20379798054450848,0.20009235691665953
0.24570293772986027,0.2197401836514473
0.23453587956034422,0.2263822447732498
