,CAN ID,DATA[0],DATA[1],DATA[2],DATA[3],DATA[4],DATA[5],DATA[6],DATA[7]
count,13724466.0,13724466.0,13724466.0,13724466.0,13724466.0,13724466.0,13724466.0,13724466.0,13724466.0
mean,697.9208860293727,57.72151142346814,45.97408605915888,41.25093610199479,81.33638372523929,52.35279179532377,60.763145538777245,26.323950163161175,55.296917635994
std,396.74558835704926,89.06660102208083,54.47960920995145,58.93725267316229,103.90694639848387,73.32347064601672,76.75603246961938,57.552809585649456,81.81972587932034
min,0.0,0.0,0.0,0.0,0.0,0.0,0.0,0.0,0.0
25%,339.0,0.0,0.0,0.0,0.0,0.0,0.0,0.0,0.0
50%,790.0,8.0,33.0,0.0,20.0,17.0,32.0,0.0,0.0
75%,1072.0,69.0,69.0,96.0,139.0,107.0,127.0,10.0,110.0
max,2047.0,255.0,255.0,255.0,255.0,255.0,255.0,255.0,255.0
