train_loss,val_loss
0.26691272121961,0.0993974579895129
0.09270269806939559,0.09057270709852704
0.06547621948430772,0.029982628303839534
0.026092166813151515,0.019437148863235946
0.020419318836037315,0.0242253395469218
0.018791140232151223,0.016101635186398615
0.016581912357627307,0.013600675924299437
0.01325350165974013,0.012168416577834086
0.018080677211925876,0.012308431848822559
0.11894225849269996,0.0895580780677131
