train_loss,val_loss
0.24916836189136643,0.053306679684119146
0.03107077625473259,0.02550392683412208
0.019185660681763632,0.019593380968712392
0.015828010673848453,0.016386547466343056
0.017737358752790776,0.013911665740163356
0.01402394548459284,0.015927697389127044
0.013569112441533047,0.019056642720414723
0.012708331332694679,0.012772249792641426
0.010015389743379363,0.013597955905878154
0.0102799174580036,0.011678895805428018
