train_loss,val_loss
0.21907922786538353,0.020661745510506827
0.01571104557818321,0.011484179905325662
0.010649315560366348,0.008378775553686208
0.008339536978412786,0.007182612796848426
0.007664894589535953,0.006482252702651332
0.006509625797587462,0.0057738068776938024
0.005824178623676788,0.0053694113756942215
0.005646166886435822,0.00536216818651215
0.005228063858784048,0.004964167215159071
0.004988669812799523,0.005160306412802978
