accuracy,precision,recall,f1,mcc
0.8116988999782924,0.6664470576535813,0.6156521813957182,0.3056774332626379,0.0
0.8546749660502708,0.6663268246633874,0.6982965512149963,0.42917173451369145,0.0
0.8599706189704523,0.49979671539561854,0.7825815503622416,0.33285584241062915,0.0
0.9592148904269336,0.4987320571650583,0.7649668886545592,0.2782255356703516,0.0
0.9966580340961295,0.6657172351806966,0.976879311740526,0.6542343783966329,0.0
