accuracy,precision,recall,f1,mcc
0.7741992527568196,0.7856018621829123,0.4615887816024176,0.306233098218138,0.0
0.8491502829367382,0.8077336508009894,0.7204666786003854,0.5781109477062164,0.0
0.853240169762043,0.5596076278670135,0.7216539081173856,0.5812383404194208,0.0
0.9491167295414974,0.8677399585140486,0.749485358380103,0.6598283059911663,0.0
0.905120973592571,0.5900012010569301,0.5998904905811371,0.39482042887710966,0.0
